{
    "intrinsics": {
        "fx": 554.254691191187,
        "fy": 554.254691191187,
        "cx": 320.5,
        "cy": 240.5
    },
    "pose": {
        "position": [
            1.1404787062417656,
            0.04655876783505315,
            0.8110097395743151
        ],
        "orientation": [
            0.00012059094702368687,
            -3.492012651848915e-06,
            0.999999675478273,
            0.0007965481644041389
        ]
    }
}